"","vote_shares.trumpd","vote_shares.bidenj","votes","eevp","eevp_source","timestamp","votes.Trump","votes.Biden"
"1",0.429,0.571,77,0,"edison","2020-11-04T00:19:27Z",33,44
"2",0.364,0.636,11,0,"edison","2020-11-04T00:42:45Z",4,7
"3",0.188,0.799,64535,1,"edison","2020-11-04T01:03:44Z",12133,51563
"4",0.216,0.772,86353,1,"edison","2020-11-04T01:14:19Z",18652,66665
"5",0.225,0.764,120261,2,"edison","2020-11-04T01:14:26Z",27059,91879
"6",0.16,0.831,195481,3,"edison","2020-11-04T01:15:31Z",31277,162445
"7",0.163,0.828,211317,3,"edison","2020-11-04T01:15:55Z",34445,174970
"8",0.169,0.822,219166,3,"edison","2020-11-04T01:17:19Z",37039,180154
"9",0.169,0.821,219258,3,"edison","2020-11-04T01:24:10Z",37055,180011
"10",0.151,0.841,301969,4,"edison","2020-11-04T01:26:57Z",45597,253956
"11",0.155,0.836,306881,4,"edison","2020-11-04T01:29:03Z",47567,256553
"12",0.407,0.587,436908,6,"edison","2020-11-04T01:31:11Z",177822,256465
"13",0.39,0.604,476287,7,"edison","2020-11-04T01:32:56Z",185752,287677
"14",0.385,0.608,503027,7,"edison","2020-11-04T01:35:04Z",193665,305840
"15",0.361,0.632,557915,8,"edison","2020-11-04T01:36:16Z",201407,352602
"16",0.361,0.632,559431,8,"edison","2020-11-04T01:36:55Z",201955,353560
"17",0.363,0.631,564800,8,"edison","2020-11-04T01:37:50Z",205022,356389
"18",0.337,0.656,678741,9,"edison","2020-11-04T01:38:49Z",228736,445254
"19",0.337,0.655,688010,10,"edison","2020-11-04T01:40:56Z",231859,450647
"20",0.342,0.651,694151,10,"edison","2020-11-04T01:44:56Z",237400,451892
"21",0.342,0.651,694271,10,"edison","2020-11-04T01:46:00Z",237441,451970
"22",0.343,0.65,695628,10,"edison","2020-11-04T01:47:01Z",238600,452158
"23",0.343,0.65,696058,10,"edison","2020-11-04T01:48:56Z",238748,452438
"24",0.343,0.649,701106,10,"edison","2020-11-04T01:49:47Z",240479,455018
"25",0.351,0.641,715357,10,"edison","2020-11-04T01:50:58Z",251090,458544
"26",0.308,0.685,955161,13,"edison","2020-11-04T01:51:36Z",294190,654285
"27",0.31,0.683,959453,13,"edison","2020-11-04T01:52:56Z",297430,655306
"28",0.311,0.681,963987,13,"edison","2020-11-04T01:54:55Z",299800,656475
"29",0.311,0.681,977045,14,"edison","2020-11-04T01:57:01Z",303861,665368
"30",0.313,0.68,980230,14,"edison","2020-11-04T01:58:08Z",306812,666556
"31",0.323,0.669,1020864,14,"edison","2020-11-04T01:59:15Z",329739,682958
"32",0.323,0.669,1020920,14,"edison","2020-11-04T01:59:44Z",329757,682995
"33",0.324,0.668,1025783,14,"edison","2020-11-04T01:59:54Z",332354,685223
"34",0.324,0.668,1025811,14,"edison","2020-11-04T02:00:34Z",332363,685242
"35",0.324,0.668,1031614,14,"edison","2020-11-04T02:01:18Z",334243,689118
"36",0.325,0.667,1033161,14,"edison","2020-11-04T02:02:21Z",335777,689118
"37",0.331,0.661,1052706,15,"edison","2020-11-04T02:03:01Z",348446,695839
"38",0.334,0.659,1057287,15,"edison","2020-11-04T02:04:59Z",353134,696752
"39",0.335,0.658,1059524,15,"edison","2020-11-04T02:05:29Z",354941,697167
"40",0.334,0.658,1069005,15,"edison","2020-11-04T02:05:59Z",357048,703405
"41",0.336,0.656,1073486,15,"edison","2020-11-04T02:07:00Z",360691,704207
"42",0.341,0.651,1083296,15,"edison","2020-11-04T02:08:57Z",369404,705226
"43",0.342,0.65,1087107,15,"edison","2020-11-04T02:10:32Z",371791,706620
"44",0.349,0.643,1106477,15,"edison","2020-11-04T02:11:01Z",386160,711465
"45",0.351,0.641,1111586,16,"edison","2020-11-04T02:13:11Z",390167,712527
"46",0.399,0.592,871782,16,"edison","2020-11-04T02:14:32Z",347841,516095
"47",0.402,0.59,877724,16,"edison","2020-11-04T02:14:56Z",352845,517857
"48",0.406,0.586,888907,16,"edison","2020-11-04T02:16:43Z",360896,520900
"49",0.301,0.689,774021,16,"edison","2020-11-04T02:17:03Z",232980,533300
"50",0.306,0.685,781428,16,"edison","2020-11-04T02:17:32Z",239117,535278
"51",0.299,0.677,1288475,18,"edison","2020-11-04T02:18:59Z",385254,872298
"52",0.299,0.677,1288604,18,"edison","2020-11-04T02:19:33Z",385293,872385
"53",0.312,0.664,1325632,19,"edison","2020-11-04T02:21:59Z",413597,880220
"54",0.363,0.627,739443,19,"edison","2020-11-04T02:22:45Z",268418,463631
"55",0.361,0.629,779178,19,"edison","2020-11-04T02:23:32Z",281283,490103
"56",0.364,0.625,786831,19,"edison","2020-11-04T02:24:00Z",286406,491769
"57",0.366,0.624,789060,19,"edison","2020-11-04T02:24:33Z",288796,492373
"58",0.367,0.622,796833,19,"edison","2020-11-04T02:24:41Z",292438,495630
"59",0.371,0.619,805891,19,"edison","2020-11-04T02:25:14Z",298986,498847
"60",0.38,0.61,826032,19,"edison","2020-11-04T02:27:12Z",313892,503880
"61",0.384,0.605,843633,19,"edison","2020-11-04T02:29:18Z",323955,510398
"62",0.386,0.603,847907,19,"edison","2020-11-04T02:29:31Z",327292,511288
"63",0.386,0.603,848033,19,"edison","2020-11-04T02:30:54Z",327341,511364
"64",0.391,0.599,856034,19,"edison","2020-11-04T02:31:27Z",334709,512764
"65",0.387,0.602,872558,19,"edison","2020-11-04T02:31:58Z",337680,525280
"66",0.391,0.597,888822,19,"edison","2020-11-04T02:32:09Z",347529,530627
"67",0.394,0.594,902116,19,"edison","2020-11-04T02:32:54Z",355434,535857
"68",0.394,0.594,902152,19,"edison","2020-11-04T02:33:27Z",355448,535878
"69",0.413,0.575,949266,19,"edison","2020-11-04T02:34:54Z",392047,545828
"70",0.413,0.575,949342,19,"edison","2020-11-04T02:35:23Z",392078,545872
"71",0.418,0.57,961574,19,"edison","2020-11-04T02:36:06Z",401938,548097
"72",0.425,0.563,982386,19,"edison","2020-11-04T02:37:14Z",417514,553083
"73",0.428,0.56,993848,19,"edison","2020-11-04T02:38:07Z",425367,556555
"74",0.428,0.559,994006,19,"edison","2020-11-04T02:38:19Z",425435,555649
"75",0.432,0.555,1004180,19,"edison","2020-11-04T02:39:32Z",433806,557320
"76",0.435,0.552,1012346,19,"edison","2020-11-04T02:39:53Z",440371,558815
"77",0.435,0.552,1019160,19,"edison","2020-11-04T02:40:21Z",443335,562576
"78",0.436,0.551,1026928,19,"edison","2020-11-04T02:40:30Z",447741,565837
"79",0.45,0.537,1103356,19,"edison","2020-11-04T02:41:08Z",496510,592502
"80",0.455,0.532,1125611,19,"edison","2020-11-04T02:41:23Z",512153,598825
"81",0.457,0.53,1130997,19,"edison","2020-11-04T02:42:28Z",516866,599428
"82",0.459,0.527,1138662,19,"edison","2020-11-04T02:42:46Z",522646,600075
"83",0.461,0.526,1143344,19,"edison","2020-11-04T02:47:35Z",527082,601399
"84",0.461,0.525,1145446,19,"edison","2020-11-04T02:47:57Z",528051,601359
"85",0.461,0.525,1145639,19,"edison","2020-11-04T02:48:30Z",528140,601460
"86",0.461,0.525,1145739,19,"edison","2020-11-04T02:49:26Z",528186,601513
"87",0.47,0.517,1185670,19,"edison","2020-11-04T02:49:43Z",557265,612991
"88",0.47,0.517,1186088,19,"edison","2020-11-04T02:50:45Z",557461,613207
"89",0.472,0.515,1211989,19,"edison","2020-11-04T02:51:19Z",572059,624174
"90",0.487,0.5,1291913,19,"edison","2020-11-04T02:51:28Z",629162,645956
"91",0.487,0.5,1291950,19,"edison","2020-11-04T02:52:11Z",629180,645975
"92",0.489,0.498,1300528,19,"edison","2020-11-04T02:53:55Z",635958,647663
"93",0.496,0.491,1348610,19,"edison","2020-11-04T02:55:22Z",668911,662168
"94",0.497,0.49,1350287,19,"edison","2020-11-04T02:55:34Z",671093,661641
"95",0.503,0.484,1390907,19,"edison","2020-11-04T02:56:40Z",699626,673199
"96",0.503,0.484,1391141,19,"edison","2020-11-04T02:56:56Z",699744,673312
"97",0.504,0.484,1394458,20,"edison","2020-11-04T02:57:03Z",702807,674918
"98",0.506,0.482,1403920,20,"edison","2020-11-04T02:57:16Z",710384,676689
"99",0.509,0.478,1418881,20,"edison","2020-11-04T02:58:43Z",722210,678225
"100",0.51,0.477,1422981,20,"edison","2020-11-04T02:59:28Z",725720,678762
"101",0.51,0.477,1423030,20,"edison","2020-11-04T03:00:54Z",725745,678785
"102",0.51,0.477,1424568,20,"edison","2020-11-04T03:01:47Z",726530,679519
"103",0.51,0.477,1428904,20,"edison","2020-11-04T03:02:17Z",728741,681587
"104",0.513,0.473,1474989,21,"edison","2020-11-04T03:03:39Z",756669,697670
"105",0.516,0.471,1522869,21,"edison","2020-11-04T03:03:59Z",785800,717271
"106",0.508,0.479,1584703,22,"edison","2020-11-04T03:04:31Z",805029,759073
"107",0.508,0.479,1584731,22,"edison","2020-11-04T03:04:53Z",805043,759086
"108",0.511,0.476,1600675,22,"edison","2020-11-04T03:05:47Z",817945,761921
"109",0.515,0.472,1614372,23,"edison","2020-11-04T03:06:01Z",831402,761984
"110",0.519,0.468,1652038,23,"edison","2020-11-04T03:06:54Z",857408,773154
"111",0.52,0.467,1658111,23,"edison","2020-11-04T03:08:40Z",862218,774338
"112",0.521,0.466,1662405,23,"edison","2020-11-04T03:08:53Z",866113,774681
"113",0.522,0.464,1677599,23,"edison","2020-11-04T03:09:00Z",875707,778406
"114",0.522,0.465,1704839,24,"edison","2020-11-04T03:10:10Z",889926,792750
"115",0.524,0.463,1715144,24,"edison","2020-11-04T03:11:07Z",898735,794112
"116",0.524,0.463,1715200,24,"edison","2020-11-04T03:11:30Z",898765,794138
"117",0.53,0.457,1759522,25,"edison","2020-11-04T03:11:51Z",932547,804102
"118",0.531,0.456,1765944,25,"edison","2020-11-04T03:12:12Z",937716,805270
"119",0.531,0.456,1766074,25,"edison","2020-11-04T03:12:51Z",937785,805330
"120",0.531,0.455,1766286,25,"edison","2020-11-04T03:13:18Z",937898,803660
"121",0.531,0.455,1768309,25,"edison","2020-11-04T03:13:49Z",938972,804581
"122",0.531,0.455,1768360,25,"edison","2020-11-04T03:14:32Z",938999,804604
"123",0.533,0.454,1783181,25,"edison","2020-11-04T03:15:47Z",950435,809564
"124",0.52,0.467,1890649,26,"edison","2020-11-04T03:16:36Z",983137,882933
"125",0.52,0.467,1892468,26,"edison","2020-11-04T03:18:15Z",984083,883783
"126",0.52,0.466,1953191,27,"edison","2020-11-04T03:18:47Z",1015659,910187
"127",0.521,0.466,2015531,28,"edison","2020-11-04T03:20:11Z",1050092,939237
"128",0.523,0.464,2034760,28,"edison","2020-11-04T03:21:21Z",1064179,944129
"129",0.525,0.462,2069036,29,"edison","2020-11-04T03:23:32Z",1086244,955895
"130",0.525,0.461,2089998,29,"edison","2020-11-04T03:24:04Z",1097249,963489
"131",0.527,0.46,2103363,29,"edison","2020-11-04T03:24:08Z",1108472,967547
"132",0.529,0.458,2121972,30,"edison","2020-11-04T03:25:03Z",1122523,971863
"133",0.53,0.456,2149894,30,"edison","2020-11-04T03:25:22Z",1139444,980352
"134",0.531,0.455,2157174,30,"edison","2020-11-04T03:25:42Z",1145459,981514
"135",0.531,0.455,2157291,30,"edison","2020-11-04T03:25:49Z",1145522,981567
"136",0.531,0.455,2157589,30,"edison","2020-11-04T03:26:39Z",1145680,981703
"137",0.534,0.452,2183708,31,"edison","2020-11-04T03:27:01Z",1166100,987036
"138",0.534,0.453,2187823,31,"edison","2020-11-04T03:28:55Z",1168297,991084
"139",0.534,0.453,2187933,31,"edison","2020-11-04T03:29:15Z",1168356,991134
"140",0.534,0.453,2188865,31,"edison","2020-11-04T03:29:30Z",1168854,991556
"141",0.534,0.452,2192763,31,"edison","2020-11-04T03:31:51Z",1170935,991129
"142",0.537,0.449,2227720,31,"edison","2020-11-04T03:32:03Z",1196286,1000246
"143",0.537,0.449,2248627,31,"edison","2020-11-04T03:33:07Z",1207513,1009634
"144",0.539,0.448,2259375,32,"edison","2020-11-04T03:33:22Z",1217803,1012200
"145",0.539,0.448,2262723,32,"edison","2020-11-04T03:33:51Z",1219608,1013700
"146",0.539,0.447,2266058,32,"edison","2020-11-04T03:34:13Z",1221405,1012928
"147",0.539,0.447,2266135,32,"edison","2020-11-04T03:34:52Z",1221447,1012962
"148",0.538,0.448,2285181,32,"edison","2020-11-04T03:35:09Z",1229427,1023761
"149",0.539,0.448,2285961,32,"edison","2020-11-04T03:36:12Z",1232133,1024111
"150",0.538,0.448,2286231,32,"edison","2020-11-04T03:37:38Z",1229992,1024231
"151",0.541,0.445,2312729,32,"edison","2020-11-04T03:37:58Z",1251186,1029164
"152",0.541,0.445,2313842,32,"edison","2020-11-04T03:38:24Z",1251789,1029660
"153",0.542,0.444,2323495,32,"edison","2020-11-04T03:39:04Z",1259334,1031632
"154",0.542,0.444,2330913,33,"edison","2020-11-04T03:40:05Z",1263355,1034925
"155",0.543,0.443,2354114,33,"edison","2020-11-04T03:40:27Z",1278284,1042873
"156",0.544,0.442,2358634,33,"edison","2020-11-04T03:42:23Z",1283097,1042516
"157",0.545,0.441,2371221,33,"edison","2020-11-04T03:43:29Z",1292315,1045708
"158",0.546,0.44,2380457,33,"edison","2020-11-04T03:43:53Z",1299730,1047401
"159",0.547,0.439,2386752,33,"edison","2020-11-04T03:44:05Z",1305553,1047784
"160",0.556,0.43,2531951,35,"edison","2020-11-04T03:47:08Z",1407765,1088739
"161",0.559,0.427,2585864,36,"edison","2020-11-04T03:47:19Z",1445498,1104164
"162",0.559,0.427,2611528,37,"edison","2020-11-04T03:48:29Z",1459844,1115122
"163",0.556,0.431,2676917,37,"edison","2020-11-04T03:49:23Z",1488366,1153751
"164",0.558,0.428,2729932,38,"edison","2020-11-04T03:50:55Z",1523302,1168411
"165",0.559,0.428,2737215,38,"edison","2020-11-04T03:51:30Z",1530103,1171528
"166",0.561,0.425,2772949,39,"edison","2020-11-04T03:52:23Z",1555624,1178503
"167",0.562,0.425,2778698,39,"edison","2020-11-04T03:52:29Z",1561628,1180947
"168",0.565,0.421,2828002,40,"edison","2020-11-04T03:53:39Z",1597821,1190589
"169",0.568,0.418,2877026,40,"edison","2020-11-04T03:55:27Z",1634151,1202597
"170",0.567,0.417,2885411,40,"edison","2020-11-04T03:56:56Z",1636028,1203216
"171",0.568,0.416,2896251,41,"edison","2020-11-04T03:57:17Z",1645071,1204840
"172",0.568,0.416,2896288,41,"edison","2020-11-04T03:57:47Z",1645092,1204856
"173",0.568,0.416,2896335,41,"edison","2020-11-04T03:58:17Z",1645118,1204875
"174",0.568,0.416,2907375,41,"edison","2020-11-04T03:58:58Z",1651389,1209468
"175",0.568,0.416,2913293,41,"edison","2020-11-04T03:59:08Z",1654750,1211930
"176",0.568,0.416,2914454,41,"edison","2020-11-04T03:59:27Z",1655410,1212413
"177",0.568,0.415,2915801,41,"edison","2020-11-04T04:00:36Z",1656175,1210057
"178",0.568,0.415,2915947,41,"edison","2020-11-04T04:01:19Z",1656258,1210118
"179",0.568,0.415,2916993,41,"edison","2020-11-04T04:03:27Z",1656852,1210552
"180",0.565,0.421,2966177,41,"edison","2020-11-04T04:04:18Z",1675890,1248761
"181",0.565,0.421,2966466,41,"edison","2020-11-04T04:04:31Z",1676053,1248882
"182",0.565,0.421,2966493,41,"edison","2020-11-04T04:04:48Z",1676069,1248894
"183",0.566,0.42,2976098,42,"edison","2020-11-04T04:05:49Z",1684471,1249961
"184",0.566,0.42,2983712,42,"edison","2020-11-04T04:06:51Z",1688781,1253159
"185",0.566,0.42,2984468,42,"edison","2020-11-04T04:07:43Z",1689209,1253477
"186",0.56,0.426,2984522,42,"edison","2020-11-04T04:08:51Z",1671332,1271406
"187",0.561,0.425,3003186,42,"edison","2020-11-04T04:10:32Z",1684787,1276354
"188",0.561,0.425,3009814,42,"edison","2020-11-04T04:11:10Z",1688506,1279171
"189",0.562,0.424,3013351,42,"edison","2020-11-04T04:12:11Z",1693503,1277661
"190",0.562,0.424,3013688,42,"edison","2020-11-04T04:13:30Z",1693693,1277804
"191",0.562,0.424,3013968,42,"edison","2020-11-04T04:13:45Z",1693850,1277922
"192",0.553,0.433,3104080,43,"edison","2020-11-04T04:14:30Z",1716556,1344067
"193",0.553,0.433,3104353,43,"edison","2020-11-04T04:15:54Z",1716707,1344185
"194",0.554,0.432,3144323,44,"edison","2020-11-04T04:17:12Z",1741955,1358348
"195",0.554,0.432,3146111,44,"edison","2020-11-04T04:18:46Z",1742945,1359120
"196",0.554,0.432,3159521,44,"edison","2020-11-04T04:18:49Z",1750375,1364913
"197",0.558,0.428,3218511,45,"edison","2020-11-04T04:19:42Z",1795929,1377523
"198",0.557,0.429,3238203,45,"edison","2020-11-04T04:23:32Z",1803679,1389189
"199",0.559,0.427,3262990,46,"edison","2020-11-04T04:24:59Z",1824011,1393297
"200",0.56,0.426,3272922,46,"edison","2020-11-04T04:27:30Z",1832836,1394265
"201",0.56,0.426,3322292,46,"edison","2020-11-04T04:29:23Z",1860484,1415296
"202",0.56,0.426,3344760,47,"edison","2020-11-04T04:29:46Z",1873066,1424868
"203",0.564,0.422,3399734,48,"edison","2020-11-04T04:30:46Z",1917450,1434688
"204",0.564,0.422,3399767,48,"edison","2020-11-04T04:31:14Z",1917469,1434702
"205",0.564,0.422,3425968,48,"edison","2020-11-04T04:32:05Z",1932246,1445758
"206",0.565,0.421,3446887,48,"edison","2020-11-04T04:33:23Z",1947491,1451139
"207",0.566,0.42,3466277,48,"edison","2020-11-04T04:34:24Z",1961913,1455836
"208",0.566,0.42,3468829,49,"edison","2020-11-04T04:35:18Z",1963357,1456908
"209",0.567,0.419,3483194,49,"edison","2020-11-04T04:37:49Z",1974971,1459458
"210",0.562,0.424,3540736,50,"edison","2020-11-04T04:38:24Z",1989894,1501272
"211",0.562,0.424,3541152,50,"edison","2020-11-04T04:40:29Z",1990127,1501448
"212",0.564,0.422,3577217,50,"edison","2020-11-04T04:40:51Z",2017550,1509586
"213",0.564,0.422,3578824,50,"edison","2020-11-04T04:41:05Z",2018457,1510264
"214",0.564,0.422,3581545,50,"edison","2020-11-04T04:41:32Z",2019991,1511412
"215",0.564,0.421,3583429,50,"edison","2020-11-04T04:41:57Z",2021054,1508624
"216",0.565,0.421,3592000,50,"edison","2020-11-04T04:44:27Z",2029480,1512232
"217",0.565,0.421,3592041,50,"edison","2020-11-04T04:45:42Z",2029503,1512249
"218",0.565,0.421,3598877,50,"edison","2020-11-04T04:49:39Z",2033366,1515127
"219",0.565,0.421,3598956,50,"edison","2020-11-04T04:50:17Z",2033410,1515160
"220",0.565,0.421,3610057,50,"edison","2020-11-04T04:53:13Z",2039682,1519834
"221",0.565,0.421,3629219,51,"edison","2020-11-04T04:54:33Z",2050509,1527901
"222",0.565,0.421,3633912,51,"edison","2020-11-04T04:57:06Z",2053160,1529877
"223",0.567,0.419,3726434,52,"edison","2020-11-04T04:59:23Z",2112888,1561376
"224",0.567,0.419,3751275,52,"edison","2020-11-04T05:01:57Z",2126973,1571784
"225",0.565,0.421,3871116,54,"edison","2020-11-04T05:02:44Z",2187181,1629740
"226",0.565,0.421,3871230,54,"edison","2020-11-04T05:02:58Z",2187245,1629788
"227",0.566,0.42,3893208,54,"edison","2020-11-04T05:05:30Z",2203556,1635147
"228",0.566,0.421,3895326,54,"edison","2020-11-04T05:08:56Z",2204755,1639932
"229",0.566,0.421,3900666,55,"edison","2020-11-04T05:11:47Z",2207777,1642180
"230",0.566,0.42,3928784,55,"edison","2020-11-04T05:13:56Z",2223692,1650089
"231",0.565,0.423,4101882,57,"edison","2020-11-04T05:14:33Z",2317563,1735096
"232",0.565,0.422,4122172,58,"edison","2020-11-04T05:18:14Z",2329027,1739557
"233",0.565,0.422,4122222,58,"edison","2020-11-04T05:18:39Z",2329055,1739578
"234",0.564,0.423,4146280,58,"edison","2020-11-04T05:20:07Z",2338502,1753876
"235",0.571,0.416,4267542,60,"edison","2020-11-04T05:22:49Z",2436766,1775297
"236",0.569,0.418,4295324,60,"edison","2020-11-04T05:23:34Z",2444039,1795445
"237",0.57,0.417,4316112,60,"edison","2020-11-04T05:23:55Z",2460184,1799819
"238",0.57,0.417,4316627,60,"edison","2020-11-04T05:25:44Z",2460477,1800033
"239",0.57,0.417,4364234,61,"edison","2020-11-04T05:26:57Z",2487613,1819886
"240",0.569,0.418,4374537,61,"edison","2020-11-04T05:27:57Z",2489112,1828556
"241",0.569,0.418,4374594,61,"edison","2020-11-04T05:29:35Z",2489144,1828580
"242",0.569,0.418,4375207,61,"edison","2020-11-04T05:31:41Z",2489493,1828837
"243",0.569,0.418,4384931,61,"edison","2020-11-04T05:37:28Z",2495026,1832901
"244",0.57,0.417,4400787,62,"edison","2020-11-04T05:39:32Z",2508449,1835128
"245",0.57,0.417,4401046,62,"edison","2020-11-04T05:44:51Z",2508596,1835236
"246",0.569,0.418,4421413,62,"edison","2020-11-04T05:49:06Z",2515784,1848151
"247",0.567,0.42,4512299,63,"edison","2020-11-04T05:50:04Z",2558474,1895166
"248",0.568,0.419,4563729,64,"edison","2020-11-04T05:51:01Z",2592198,1912202
"249",0.568,0.419,4563780,64,"edison","2020-11-04T05:52:34Z",2592227,1912224
"250",0.566,0.42,4578399,64,"edison","2020-11-04T05:53:08Z",2591374,1922928
"251",0.566,0.42,4578461,64,"edison","2020-11-04T05:54:28Z",2591409,1922954
"252",0.566,0.421,4633092,65,"edison","2020-11-04T06:03:49Z",2622330,1950532
"253",0.566,0.421,4635113,65,"edison","2020-11-04T06:09:00Z",2623474,1951383
"254",0.566,0.421,4635405,65,"edison","2020-11-04T06:14:04Z",2623639,1951506
"255",0.566,0.42,4689829,66,"edison","2020-11-04T06:15:49Z",2654443,1969728
"256",0.566,0.42,4694307,66,"edison","2020-11-04T06:16:54Z",2656978,1971609
"257",0.567,0.42,4708188,66,"edison","2020-11-04T06:24:52Z",2669543,1977439
"258",0.567,0.42,4749820,66,"edison","2020-11-04T06:26:49Z",2693148,1994924
"259",0.566,0.421,4769839,67,"edison","2020-11-04T06:38:36Z",2699729,2008102
"260",0.566,0.421,4773451,67,"edison","2020-11-04T06:38:51Z",2701773,2009623
"261",0.566,0.421,4773838,67,"edison","2020-11-04T06:39:13Z",2701992,2009786
"262",0.566,0.421,4773965,67,"edison","2020-11-04T06:40:08Z",2702064,2009839
"263",0.566,0.421,4773979,67,"edison","2020-11-04T06:41:08Z",2702072,2009845
"264",0.565,0.421,4847205,68,"edison","2020-11-04T06:44:50Z",2738671,2040673
"265",0.565,0.421,4925826,69,"edison","2020-11-04T06:54:51Z",2783092,2073773
"266",0.565,0.421,4925991,69,"edison","2020-11-04T06:55:17Z",2783185,2073842
"267",0.565,0.421,4925997,69,"edison","2020-11-04T06:58:51Z",2783188,2073845
"268",0.565,0.422,4966035,69,"edison","2020-11-04T07:02:53Z",2805810,2095667
"269",0.565,0.422,4966934,69,"edison","2020-11-04T07:03:49Z",2806318,2096046
"270",0.562,0.424,5069377,71,"edison","2020-11-04T07:05:16Z",2848990,2149416
"271",0.562,0.425,5080760,71,"edison","2020-11-04T07:06:51Z",2855387,2159323
"272",0.562,0.424,5085092,71,"edison","2020-11-04T07:08:49Z",2857822,2156079
"273",0.562,0.425,5095009,71,"edison","2020-11-04T07:18:51Z",2863395,2165379
"274",0.561,0.425,5112421,72,"edison","2020-11-04T07:20:53Z",2868068,2172779
"275",0.56,0.427,5163464,72,"edison","2020-11-04T07:22:51Z",2891540,2204799
"276",0.56,0.427,5164220,72,"edison","2020-11-04T07:24:42Z",2891963,2205122
"277",0.56,0.427,5230879,73,"edison","2020-11-04T07:26:53Z",2929292,2233585
"278",0.556,0.43,5300691,74,"edison","2020-11-04T07:31:27Z",2947184,2279297
"279",0.556,0.43,5308695,74,"edison","2020-11-04T07:32:50Z",2951634,2282739
"280",0.557,0.43,5310589,74,"edison","2020-11-04T07:40:51Z",2957998,2283553
"281",0.557,0.43,5312319,74,"edison","2020-11-04T07:41:48Z",2958962,2284297
"282",0.557,0.43,5321770,74,"edison","2020-11-04T08:12:51Z",2964226,2288361
"283",0.557,0.43,5323770,74,"edison","2020-11-04T08:13:48Z",2965340,2289221
"284",0.557,0.43,5327352,75,"edison","2020-11-04T10:54:36Z",2967335,2290761
"285",0.551,0.436,5392682,75,"edison","2020-11-04T10:54:40Z",2971368,2351209
"286",0.55,0.436,5397262,75,"edison","2020-11-04T14:16:51Z",2968494,2353206
"287",0.548,0.439,5436823,76,"edison","2020-11-04T14:24:56Z",2979379,2386765
"288",0.548,0.439,5436911,76,"edison","2020-11-04T14:54:50Z",2979427,2386804
"289",0.547,0.439,5441186,76,"edison","2020-11-04T15:00:52Z",2976329,2388681
"290",0.543,0.443,5485791,77,"edison","2020-11-04T15:22:18Z",2978785,2430205
"291",0.542,0.445,5568345,78,"edison","2020-11-04T15:40:52Z",3018043,2477914
"292",0.542,0.445,5571106,78,"edison","2020-11-04T15:49:08Z",3019539,2479142
"293",0.542,0.445,5575573,78,"edison","2020-11-04T16:00:51Z",3021961,2481130
"294",0.542,0.445,5576129,78,"edison","2020-11-04T16:02:52Z",3022262,2481377
"295",0.541,0.446,5591159,78,"edison","2020-11-04T16:10:55Z",3024817,2493657
"296",0.539,0.448,5625057,79,"edison","2020-11-04T16:22:49Z",3031906,2520026
"297",0.539,0.448,5631378,79,"edison","2020-11-04T16:30:53Z",3035313,2522857
"298",0.538,0.449,5651860,79,"edison","2020-11-04T16:38:53Z",3040701,2537685
"299",0.537,0.449,5665209,79,"edison","2020-11-04T16:42:54Z",3042217,2543679
"300",0.537,0.449,5665239,79,"edison","2020-11-04T16:50:51Z",3042233,2543692
"301",0.537,0.45,5675908,79,"edison","2020-11-04T16:52:53Z",3047963,2554159
"302",0.537,0.45,5678843,79,"edison","2020-11-04T16:56:53Z",3049539,2555479
"303",0.537,0.45,5680456,79,"edison","2020-11-04T17:00:58Z",3050405,2556205
"304",0.536,0.451,5695849,80,"edison","2020-11-04T17:04:54Z",3052975,2568828
"305",0.536,0.451,5701081,80,"edison","2020-11-04T17:10:53Z",3055779,2571188
"306",0.535,0.452,5716136,80,"edison","2020-11-04T17:12:53Z",3058133,2583693
"307",0.535,0.452,5716355,80,"edison","2020-11-04T17:16:52Z",3058250,2583792
"308",0.535,0.452,5716510,80,"edison","2020-11-04T17:34:52Z",3058333,2583863
"309",0.534,0.452,5727364,80,"edison","2020-11-04T17:42:53Z",3058412,2588769
"310",0.534,0.453,5732130,80,"edison","2020-11-04T17:58:51Z",3060957,2596655
"311",0.534,0.453,5732144,80,"edison","2020-11-04T17:59:51Z",3060965,2596661
"312",0.534,0.453,5736898,80,"edison","2020-11-04T18:18:52Z",3063504,2598815
"313",0.534,0.453,5738598,80,"edison","2020-11-04T18:34:54Z",3064411,2599585
"314",0.534,0.453,5739092,80,"edison","2020-11-04T18:54:21Z",3064675,2599809
"315",0.534,0.453,5739112,80,"edison","2020-11-04T18:57:51Z",3064686,2599818
"316",0.534,0.453,5743280,80,"edison","2020-11-04T18:58:52Z",3066912,2601706
"317",0.534,0.453,5743489,80,"edison","2020-11-04T19:04:59Z",3067023,2601801
"318",0.533,0.454,5754044,80,"edison","2020-11-04T19:16:54Z",3066905,2612336
"319",0.533,0.454,5754178,80,"edison","2020-11-04T19:31:00Z",3066977,2612397
"320",0.533,0.454,5759149,81,"edison","2020-11-04T19:36:52Z",3069626,2614654
"321",0.533,0.454,5768295,81,"edison","2020-11-04T19:42:52Z",3074501,2618806
"322",0.532,0.455,5774964,81,"edison","2020-11-04T19:45:52Z",3072281,2627609
"323",0.532,0.455,5775174,81,"edison","2020-11-04T19:46:52Z",3072393,2627704
"324",0.532,0.455,5781660,81,"edison","2020-11-04T19:56:50Z",3075843,2630655
"325",0.531,0.456,5798860,81,"edison","2020-11-04T19:58:52Z",3079195,2644280
"326",0.531,0.456,5799057,81,"edison","2020-11-04T20:02:52Z",3079299,2644370
"327",0.531,0.456,5810755,81,"edison","2020-11-04T20:06:50Z",3085511,2649704
"328",0.53,0.457,5827555,82,"edison","2020-11-04T20:08:53Z",3088604,2663193
"329",0.528,0.459,5851452,82,"edison","2020-11-04T20:10:52Z",3089567,2685816
"330",0.528,0.46,5859044,82,"edison","2020-11-04T20:13:11Z",3093575,2695160
"331",0.527,0.461,5875258,82,"edison","2020-11-04T20:18:56Z",3096261,2708494
"332",0.526,0.461,5890538,82,"edison","2020-11-04T20:34:51Z",3098423,2715538
"333",0.526,0.461,5890798,82,"edison","2020-11-04T20:36:53Z",3098560,2715658
"334",0.524,0.463,5915452,83,"edison","2020-11-04T20:45:58Z",3099697,2738854
"335",0.523,0.464,5920844,83,"edison","2020-11-04T20:49:00Z",3096601,2747272
"336",0.523,0.464,5920979,83,"edison","2020-11-04T20:52:50Z",3096672,2747334
"337",0.523,0.464,5929739,83,"edison","2020-11-04T20:56:53Z",3101253,2751399
"338",0.522,0.465,5942166,83,"edison","2020-11-04T21:02:54Z",3101811,2763107
"339",0.522,0.465,5944790,83,"edison","2020-11-04T21:14:51Z",3103180,2764327
"340",0.522,0.465,5965263,83,"edison","2020-11-04T21:16:54Z",3113867,2773847
"341",0.522,0.465,5965561,83,"edison","2020-11-04T21:20:53Z",3114023,2773986
"342",0.52,0.467,5989005,84,"edison","2020-11-04T21:23:11Z",3114283,2796865
"343",0.52,0.467,5993159,84,"edison","2020-11-04T21:26:52Z",3116443,2798805
"344",0.52,0.467,5994046,84,"edison","2020-11-04T21:39:54Z",3116904,2799219
"345",0.52,0.467,5997324,84,"edison","2020-11-04T21:44:52Z",3118608,2800750
"346",0.52,0.468,6007751,84,"edison","2020-11-04T22:01:43Z",3124031,2811627
"347",0.519,0.468,6016906,84,"edison","2020-11-04T22:03:40Z",3122774,2815912
"348",0.519,0.468,6019273,84,"edison","2020-11-04T22:04:30Z",3124003,2817020
"349",0.519,0.468,6020536,84,"edison","2020-11-04T22:07:16Z",3124658,2817611
"350",0.519,0.468,6021329,84,"edison","2020-11-04T22:09:56Z",3125070,2817982
"351",0.519,0.468,6021665,84,"edison","2020-11-04T22:12:53Z",3125244,2818139
"352",0.519,0.469,6028585,84,"edison","2020-11-04T22:18:53Z",3128836,2827406
"353",0.519,0.468,6030891,84,"edison","2020-11-04T22:19:53Z",3130032,2822457
"354",0.518,0.469,6041418,84,"edison","2020-11-04T22:36:54Z",3129455,2833425
"355",0.518,0.469,6044744,85,"edison","2020-11-04T22:38:51Z",3131177,2834985
"356",0.518,0.47,6055413,85,"edison","2020-11-04T22:41:51Z",3136704,2846044
"357",0.518,0.469,6057779,85,"edison","2020-11-04T22:42:49Z",3137930,2841098
"358",0.518,0.469,6059144,85,"edison","2020-11-04T22:52:52Z",3138637,2841739
"359",0.517,0.47,6068493,85,"edison","2020-11-04T22:54:49Z",3137411,2852192
"360",0.516,0.471,6086774,85,"edison","2020-11-04T22:56:52Z",3140775,2866871
"361",0.516,0.471,6094579,85,"edison","2020-11-04T23:08:51Z",3144803,2870547
"362",0.516,0.472,6104416,85,"edison","2020-11-04T23:12:52Z",3149879,2881284
"363",0.515,0.472,6108995,85,"edison","2020-11-04T23:14:52Z",3146132,2883446
"364",0.515,0.472,6111185,85,"edison","2020-11-04T23:18:51Z",3147260,2884479
"365",0.515,0.472,6114382,86,"edison","2020-11-04T23:24:51Z",3148907,2885988
"366",0.515,0.472,6117742,86,"edison","2020-11-04T23:37:49Z",3150637,2887574
"367",0.515,0.472,6118161,86,"edison","2020-11-04T23:42:53Z",3150853,2887772
"368",0.514,0.473,6138839,86,"edison","2020-11-04T23:48:53Z",3155363,2903671
"369",0.514,0.474,6156210,86,"edison","2020-11-05T00:02:52Z",3164292,2918044
"370",0.514,0.474,6158220,86,"edison","2020-11-05T00:12:49Z",3165325,2918996
"371",0.514,0.474,6158532,86,"edison","2020-11-05T00:20:52Z",3165485,2919144
"372",0.513,0.475,6192278,87,"edison","2020-11-05T00:22:55Z",3176639,2941332
"373",0.513,0.475,6192283,87,"edison","2020-11-05T00:28:52Z",3176641,2941334
"374",0.512,0.475,6202692,87,"edison","2020-11-05T00:34:29Z",3175778,2946279
"375",0.512,0.475,6203291,87,"edison","2020-11-05T00:35:50Z",3176085,2946563
"376",0.512,0.476,6214990,87,"edison","2020-11-05T00:36:50Z",3182075,2958335
"377",0.511,0.477,6235328,87,"edison","2020-11-05T00:37:49Z",3186253,2974251
"378",0.511,0.477,6236205,87,"edison","2020-11-05T00:39:58Z",3186701,2974670
"379",0.51,0.477,6244104,87,"edison","2020-11-05T00:46:50Z",3184493,2978438
"380",0.51,0.477,6260716,88,"edison","2020-11-05T00:50:52Z",3192965,2986362
"381",0.51,0.477,6260933,88,"edison","2020-11-05T01:00:53Z",3193076,2986465
"382",0.51,0.478,6266545,88,"edison","2020-11-05T01:03:50Z",3195938,2995409
"383",0.509,0.478,6277135,88,"edison","2020-11-05T01:20:52Z",3195062,3000471
"384",0.509,0.478,6286548,88,"edison","2020-11-05T02:01:53Z",3199853,3004970
"385",0.509,0.478,6286988,88,"edison","2020-11-05T02:06:44Z",3200077,3005180
"386",0.509,0.478,6288273,88,"edison","2020-11-05T02:18:57Z",3200731,3005794
"387",0.508,0.479,6298446,88,"edison","2020-11-05T02:44:56Z",3199611,3016956
"388",0.508,0.479,6302995,88,"edison","2020-11-05T03:15:51Z",3201921,3019135
"389",0.508,0.479,6308738,88,"edison","2020-11-05T03:50:46Z",3204839,3021886
"390",0.508,0.479,6310056,88,"edison","2020-11-05T03:53:43Z",3205508,3022517
"391",0.508,0.479,6310521,88,"edison","2020-11-05T03:57:43Z",3205745,3022740
"392",0.507,0.48,6339381,89,"edison","2020-11-05T04:04:21Z",3214066,3042903
"393",0.507,0.481,6348708,89,"edison","2020-11-05T04:09:54Z",3218795,3053729
"394",0.507,0.481,6350453,89,"edison","2020-11-05T13:54:50Z",3219680,3054568
"395",0.507,0.481,6351124,89,"edison","2020-11-05T13:58:46Z",3220020,3054891
"396",0.505,0.482,6371807,89,"edison","2020-11-05T14:04:26Z",3217763,3071211
"397",0.505,0.482,6381341,89,"edison","2020-11-05T14:08:57Z",3222577,3075806
"398",0.504,0.483,6395065,89,"edison","2020-11-05T14:34:58Z",3223113,3088816
"399",0.504,0.483,6395065,91,"edison","2020-11-05T15:10:56Z",3223113,3088816
"400",0.504,0.483,6395168,91,"edison","2020-11-05T15:11:46Z",3223165,3088866
"401",0.504,0.483,6395722,91,"edison","2020-11-05T15:22:47Z",3223444,3089134
"402",0.504,0.483,6395795,91,"edison","2020-11-05T15:59:43Z",3223481,3089169
"403",0.504,0.483,6400302,91,"edison","2020-11-05T16:42:46Z",3225752,3091346
"404",0.503,0.484,6413416,92,"edison","2020-11-05T16:48:32Z",3225948,3104093
"405",0.503,0.484,6413483,92,"edison","2020-11-05T16:56:47Z",3225982,3104126
"406",0.503,0.485,6421676,92,"edison","2020-11-05T16:58:46Z",3230103,3114513
"407",0.503,0.485,6424399,92,"edison","2020-11-05T17:16:46Z",3231473,3115834
"408",0.503,0.485,6424679,92,"edison","2020-11-05T17:18:46Z",3231614,3115969
"409",0.503,0.485,6427755,92,"edison","2020-11-05T18:12:45Z",3233161,3117461
"410",0.502,0.485,6430206,92,"edison","2020-11-05T18:18:46Z",3227963,3118650
"411",0.502,0.485,6434721,92,"edison","2020-11-05T19:08:56Z",3230230,3120840
"412",0.502,0.485,6438947,92,"edison","2020-11-05T19:30:40Z",3232351,3122889
"413",0.502,0.485,6441717,92,"edison","2020-11-05T19:32:40Z",3233742,3124233
"414",0.502,0.485,6442296,92,"edison","2020-11-05T19:36:41Z",3234033,3124514
"415",0.502,0.485,6443127,92,"edison","2020-11-05T19:55:33Z",3234450,3124917
"416",0.502,0.485,6443732,92,"edison","2020-11-05T19:56:39Z",3234753,3125210
"417",0.502,0.485,6446158,92,"edison","2020-11-05T19:58:40Z",3235971,3126387
"418",0.502,0.485,6446192,92,"edison","2020-11-05T20:14:40Z",3235988,3126403
"419",0.502,0.485,6447134,92,"edison","2020-11-05T20:32:40Z",3236461,3126860
"420",0.502,0.485,6449426,92,"edison","2020-11-05T20:40:41Z",3237612,3127972
"421",0.502,0.485,6451620,92,"edison","2020-11-05T20:44:39Z",3238713,3129036
"422",0.501,0.486,6458803,92,"edison","2020-11-05T21:03:39Z",3235860,3138978
"423",0.501,0.486,6465366,92,"edison","2020-11-05T21:04:40Z",3239148,3142168
"424",0.501,0.486,6465452,92,"edison","2020-11-05T21:20:41Z",3239191,3142210
"425",0.501,0.486,6467282,92,"edison","2020-11-05T21:22:41Z",3240108,3143099
"426",0.501,0.486,6467526,92,"edison","2020-11-05T21:38:40Z",3240231,3143218
"427",0.501,0.486,6473853,92,"edison","2020-11-05T21:40:40Z",3243400,3146293
"428",0.501,0.486,6473918,92,"edison","2020-11-05T21:44:40Z",3243433,3146324
"429",0.501,0.486,6478349,93,"edison","2020-11-05T21:48:40Z",3245653,3148478
"430",0.501,0.487,6487875,93,"edison","2020-11-05T21:52:40Z",3250425,3159595
"431",0.501,0.487,6487887,93,"edison","2020-11-05T22:06:40Z",3250431,3159601
"432",0.501,0.487,6489220,93,"edison","2020-11-05T22:44:44Z",3251099,3160250
"433",0.501,0.487,6494639,93,"edison","2020-11-05T22:46:56Z",3253814,3162889
"434",0.5,0.488,6525078,93,"edison","2020-11-05T22:52:41Z",3262539,3184238
"435",0.5,0.488,6525483,93,"edison","2020-11-05T23:14:13Z",3262742,3184436
"436",0.499,0.488,6529899,93,"edison","2020-11-05T23:26:53Z",3258420,3186591
"437",0.499,0.488,6534533,93,"edison","2020-11-05T23:46:41Z",3260732,3188852
"438",0.499,0.488,6534738,93,"edison","2020-11-05T23:52:44Z",3260834,3188952
"439",0.499,0.489,6547218,94,"edison","2020-11-06T00:08:34Z",3267062,3201590
"440",0.499,0.489,6547337,94,"edison","2020-11-06T00:12:10Z",3267121,3201648
"441",0.498,0.489,6547763,94,"edison","2020-11-06T00:20:12Z",3260786,3201856
"442",0.498,0.489,6548699,94,"edison","2020-11-06T00:52:34Z",3261252,3202314
"443",0.498,0.489,6557566,94,"edison","2020-11-06T01:20:41Z",3265668,3206650
"444",0.498,0.489,6561696,94,"edison","2020-11-06T01:24:38Z",3267725,3208669
"445",0.498,0.49,6571671,94,"edison","2020-11-06T01:32:40Z",3272692,3220119
"446",0.497,0.49,6579145,94,"edison","2020-11-06T01:50:36Z",3269835,3223781
"447",0.497,0.49,6580387,94,"edison","2020-11-06T02:04:35Z",3270452,3224390
"448",0.497,0.49,6583180,94,"edison","2020-11-06T02:06:34Z",3271840,3225758
"449",0.497,0.49,6598330,94,"edison","2020-11-06T02:34:40Z",3279370,3233182
"450",0.497,0.49,6600761,94,"edison","2020-11-06T03:12:40Z",3280578,3234373
"451",0.496,0.491,6608807,94,"edison","2020-11-06T03:32:40Z",3277968,3244924
"452",0.496,0.492,6622716,95,"edison","2020-11-06T03:42:34Z",3284867,3258376
"453",0.495,0.492,6626581,95,"edison","2020-11-06T04:28:44Z",3280158,3260278
"454",0.495,0.492,6627835,95,"edison","2020-11-06T04:50:41Z",3280778,3260895
"455",0.495,0.492,6633384,95,"edison","2020-11-06T04:58:43Z",3283525,3263625
"456",0.495,0.492,6639262,95,"edison","2020-11-06T06:30:10Z",3286435,3266517
"457",0.495,0.492,6638982,95,"edison","2020-11-06T12:22:44Z",3286296,3266379
"458",0.495,0.492,6638983,95,"edison","2020-11-06T12:40:29Z",3286297,3266380
"459",0.495,0.492,6639009,95,"edison","2020-11-06T12:42:12Z",3286309,3266392
"460",0.493,0.494,6670421,95,"edison","2020-11-06T13:49:46Z",3288518,3295188
"461",0.493,0.494,6670727,95,"edison","2020-11-06T14:52:40Z",3288668,3295339
"462",0.493,0.494,6673676,95,"edison","2020-11-06T14:56:39Z",3290122,3296796
"463",0.493,0.494,6673812,95,"edison","2020-11-06T15:05:37Z",3290189,3296863
"464",0.493,0.494,6673827,95,"edison","2020-11-06T15:22:46Z",3290197,3296871
"465",0.493,0.494,6673851,95,"edison","2020-11-06T15:25:21Z",3290209,3296882
"466",0.493,0.494,6673915,95,"edison","2020-11-06T16:02:45Z",3290240,3296914
"467",0.493,0.494,6678806,95,"edison","2020-11-06T16:14:41Z",3292651,3299330
"468",0.493,0.494,6679106,95,"edison","2020-11-06T16:38:40Z",3292799,3299478
"469",0.493,0.494,6681723,95,"edison","2020-11-06T17:02:40Z",3294089,3300771
"470",0.493,0.495,6688707,96,"edison","2020-11-06T17:52:39Z",3297533,3310910
"471",0.493,0.495,6692850,96,"edison","2020-11-06T18:22:39Z",3299575,3312961
"472",0.493,0.495,6692868,96,"edison","2020-11-06T18:38:40Z",3299584,3312970
"473",0.493,0.495,6693045,96,"edison","2020-11-06T18:52:41Z",3299671,3313057
"474",0.493,0.495,6693437,96,"edison","2020-11-06T19:00:40Z",3299864,3313251
"475",0.493,0.495,6694914,96,"edison","2020-11-06T19:08:39Z",3300593,3313982
"476",0.493,0.495,6694944,96,"edison","2020-11-06T19:13:03Z",3300607,3313997
"477",0.493,0.495,6695327,96,"edison","2020-11-06T19:16:22Z",3300796,3314187
"478",0.493,0.495,6695582,96,"edison","2020-11-06T20:14:41Z",3300922,3314313
"479",0.493,0.495,6695586,96,"edison","2020-11-06T20:26:42Z",3300924,3314315
"480",0.493,0.495,6695772,96,"edison","2020-11-06T20:45:39Z",3301016,3314407
"481",0.493,0.495,6696065,96,"edison","2020-11-06T20:50:40Z",3301160,3314552
"482",0.493,0.495,6696367,96,"edison","2020-11-06T20:56:40Z",3301309,3314702
"483",0.493,0.495,6699030,96,"edison","2020-11-06T20:57:38Z",3302622,3316020
"484",0.493,0.495,6701100,96,"edison","2020-11-06T21:05:09Z",3303642,3317044
"485",0.493,0.495,6701213,96,"edison","2020-11-06T21:10:40Z",3303698,3317100
"486",0.493,0.495,6701224,96,"edison","2020-11-06T21:16:40Z",3303703,3317106
"487",0.493,0.495,6701431,96,"edison","2020-11-06T21:21:40Z",3303805,3317208
"488",0.493,0.495,6701439,96,"edison","2020-11-06T21:24:40Z",3303809,3317212
"489",0.493,0.495,6701438,96,"edison","2020-11-06T21:25:07Z",3303809,3317212
"490",0.493,0.495,6701440,96,"edison","2020-11-06T21:32:40Z",3303810,3317213
"491",0.493,0.495,6701967,96,"edison","2020-11-06T21:36:40Z",3304070,3317474
"492",0.493,0.495,6702052,96,"edison","2020-11-06T22:00:40Z",3304112,3317516
"493",0.493,0.495,6702091,96,"edison","2020-11-06T22:10:39Z",3304131,3317535
"494",0.493,0.495,6702454,96,"edison","2020-11-06T22:22:40Z",3304310,3317715
"495",0.493,0.495,6702516,96,"edison","2020-11-06T22:34:39Z",3304340,3317745
"496",0.493,0.495,6704217,96,"edison","2020-11-06T23:24:40Z",3305179,3318587
"497",0.492,0.495,6704760,96,"edison","2020-11-06T23:38:39Z",3298742,3318856
"498",0.492,0.495,6707052,96,"edison","2020-11-06T23:39:22Z",3299870,3319991
"499",0.492,0.495,6708095,96,"edison","2020-11-06T23:40:51Z",3300383,3320507
"500",0.492,0.495,6708532,96,"edison","2020-11-06T23:48:40Z",3300598,3320723
"501",0.492,0.495,6711274,96,"edison","2020-11-07T00:09:47Z",3301947,3322081
"502",0.492,0.495,6714029,96,"edison","2020-11-07T00:10:39Z",3303302,3323444
"503",0.492,0.495,6714234,96,"edison","2020-11-07T00:59:09Z",3303403,3323546
"504",0.492,0.495,6716992,96,"edison","2020-11-07T01:40:46Z",3304760,3324911
"505",0.492,0.495,6719069,96,"edison","2020-11-07T01:42:20Z",3305782,3325939
"506",0.492,0.495,6719418,96,"edison","2020-11-07T01:46:12Z",3305954,3326112
"507",0.492,0.496,6728674,96,"edison","2020-11-07T02:40:18Z",3310508,3337422
"508",0.491,0.496,6731875,96,"edison","2020-11-07T03:40:45Z",3305351,3339010
"509",0.491,0.496,6734725,96,"edison","2020-11-07T16:21:38Z",3306750,3340424
"510",0.491,0.496,6734725,98,"edison","2020-11-07T16:26:03Z",3306750,3340424
"511",0.491,0.496,6741948,98,"edison","2020-11-07T16:27:37Z",3310296,3344006
"512",0.491,0.496,6744205,98,"edison","2020-11-07T16:28:40Z",3311405,3345126
"513",0.491,0.496,6746143,98,"edison","2020-11-07T20:23:01Z",3312356,3346087
"514",0.491,0.496,6748568,98,"edison","2020-11-07T20:58:53Z",3313547,3347290
"515",0.491,0.496,6749175,98,"edison","2020-11-07T23:04:43Z",3313845,3347591
"516",0.491,0.497,6751258,98,"edison","2020-11-08T15:00:48Z",3314868,3355375
"517",0.491,0.497,6754339,98,"edison","2020-11-08T15:02:40Z",3316380,3356906
"518",0.491,0.497,6755194,98,"edison","2020-11-08T18:18:45Z",3316800,3357331
"519",0.491,0.497,6756903,98,"edison","2020-11-08T18:36:39Z",3317639,3358181
"520",0.49,0.497,6758279,98,"edison","2020-11-08T19:58:46Z",3311557,3358865
"521",0.49,0.497,6760137,98,"edison","2020-11-08T21:04:41Z",3312467,3359788
"522",0.49,0.497,6765139,98,"edison","2020-11-09T13:07:53Z",3314918,3362274
"523",0.49,0.497,6765191,98,"edison","2020-11-09T14:42:41Z",3314944,3362300
"524",0.49,0.497,6765194,98,"edison","2020-11-09T15:50:40Z",3314945,3362301
"525",0.49,0.497,6765221,98,"edison","2020-11-09T16:18:39Z",3314958,3362315
"526",0.49,0.497,6765288,98,"edison","2020-11-09T17:04:40Z",3314991,3362348
"527",0.49,0.497,6765632,98,"edison","2020-11-09T18:18:42Z",3315160,3362519
"528",0.49,0.497,6765653,98,"edison","2020-11-09T18:32:40Z",3315170,3362530
"529",0.49,0.497,6766343,98,"edison","2020-11-09T18:50:40Z",3315508,3362872
"530",0.49,0.497,6766670,98,"edison","2020-11-09T19:29:23Z",3315668,3363035
"531",0.49,0.497,6767119,98,"edison","2020-11-09T19:29:39Z",3315888,3363258
"532",0.49,0.497,6767261,98,"edison","2020-11-09T20:16:44Z",3315958,3363329
"533",0.49,0.497,6767438,98,"edison","2020-11-09T20:58:40Z",3316045,3363417
"534",0.49,0.497,6767443,98,"edison","2020-11-09T20:59:38Z",3316047,3363419
"535",0.49,0.497,6768832,98,"edison","2020-11-09T21:28:44Z",3316728,3364110
"536",0.49,0.497,6769148,98,"edison","2020-11-09T21:32:40Z",3316883,3364267
"537",0.49,0.497,6770296,98,"edison","2020-11-09T22:12:42Z",3317445,3364837
"538",0.49,0.497,6771775,98,"edison","2020-11-09T23:31:38Z",3318170,3365572
"539",0.49,0.497,6772357,98,"edison","2020-11-10T01:36:03Z",3318455,3365861
"540",0.49,0.497,6772846,98,"edison","2020-11-10T02:15:22Z",3318695,3366104
"541",0.49,0.497,6773665,98,"edison","2020-11-10T17:16:49Z",3319096,3366512
"542",0.49,0.497,6774102,98,"edison","2020-11-10T17:28:47Z",3319310,3366729
"543",0.49,0.497,6775925,98,"edison","2020-11-10T18:12:47Z",3320203,3367635
"544",0.49,0.497,6776099,98,"edison","2020-11-10T18:16:47Z",3320289,3367721
"545",0.49,0.497,6776102,98,"edison","2020-11-10T18:32:56Z",3320290,3367723
"546",0.49,0.497,6776417,98,"edison","2020-11-10T18:38:47Z",3320444,3367879
"547",0.49,0.497,6776558,98,"edison","2020-11-10T19:18:50Z",3320513,3367949
"548",0.49,0.497,6777149,98,"edison","2020-11-10T19:40:51Z",3320803,3368243
"549",0.49,0.497,6777366,98,"edison","2020-11-10T20:14:48Z",3320909,3368351
"550",0.49,0.497,6777703,98,"edison","2020-11-10T20:22:48Z",3321074,3368518
"551",0.49,0.497,6778126,98,"edison","2020-11-10T20:34:48Z",3321282,3368729
"552",0.49,0.497,6778132,98,"edison","2020-11-10T20:48:48Z",3321285,3368732
"553",0.49,0.497,6778137,98,"edison","2020-11-10T20:51:49Z",3321287,3368734
"554",0.49,0.497,6778369,98,"edison","2020-11-10T20:52:48Z",3321401,3368849
"555",0.49,0.497,6778588,98,"edison","2020-11-10T21:14:48Z",3321508,3368958
"556",0.49,0.497,6779014,98,"edison","2020-11-10T21:28:48Z",3321717,3369170
"557",0.49,0.497,6779244,98,"edison","2020-11-10T21:44:48Z",3321830,3369284
"558",0.49,0.497,6779348,98,"edison","2020-11-10T21:50:47Z",3321881,3369336
"559",0.49,0.497,6780547,98,"edison","2020-11-10T22:14:50Z",3322468,3369932
"560",0.49,0.497,6781103,98,"edison","2020-11-10T22:18:47Z",3322740,3370208
"561",0.49,0.497,6781110,98,"edison","2020-11-10T22:30:48Z",3322744,3370212
"562",0.49,0.497,6781120,98,"edison","2020-11-10T22:57:46Z",3322749,3370217
"563",0.49,0.497,6781913,98,"edison","2020-11-10T23:04:48Z",3323137,3370611
"564",0.49,0.497,6781994,98,"edison","2020-11-10T23:10:47Z",3323177,3370651
"565",0.49,0.497,6783129,98,"edison","2020-11-10T23:30:47Z",3323733,3371215
"566",0.49,0.497,6783167,98,"edison","2020-11-10T23:42:48Z",3323752,3371234
"567",0.49,0.497,6783854,98,"edison","2020-11-11T02:59:45Z",3324088,3371575
"568",0.49,0.497,6784459,98,"edison","2020-11-11T03:14:54Z",3324385,3371876
"569",0.49,0.497,6786843,98,"edison","2020-11-11T13:42:49Z",3325553,3373061
"570",0.49,0.497,6787788,98,"edison","2020-11-11T14:54:47Z",3326016,3373531
"571",0.49,0.497,6787846,98,"edison","2020-11-11T16:40:52Z",3326045,3373559
"572",0.49,0.497,6790231,98,"edison","2020-11-11T17:46:47Z",3327213,3374745
"573",0.49,0.497,6791624,98,"edison","2020-11-11T20:18:49Z",3327896,3375437
"574",0.49,0.497,6793681,98,"edison","2020-11-11T20:21:53Z",3328904,3376459
"575",0.49,0.497,6793689,98,"edison","2020-11-11T21:47:03Z",3328908,3376463
"576",0.49,0.498,6796105,98,"edison","2020-11-11T23:08:53Z",3330091,3384460
"577",0.49,0.498,6796423,98,"edison","2020-11-12T02:06:47Z",3330247,3384619
"578",0.49,0.498,6800799,99,"edison","2020-11-12T02:23:25Z",3332392,3386798
"579",0.49,0.498,6802504,99,"edison","2020-11-12T02:27:30Z",3333227,3387647
"580",0.49,0.498,6804083,99,"edison","2020-11-12T02:36:41Z",3334001,3388433
"581",0.49,0.498,6804278,99,"edison","2020-11-12T14:46:56Z",3334096,3388530
"582",0.49,0.498,6804289,99,"edison","2020-11-12T15:32:48Z",3334102,3388536
"583",0.49,0.498,6804293,99,"edison","2020-11-12T15:36:47Z",3334104,3388538
"584",0.49,0.498,6812329,99,"edison","2020-11-12T15:49:45Z",3338041,3392540
"585",0.49,0.498,6812596,99,"edison","2020-11-12T17:10:48Z",3338172,3392673
"586",0.49,0.498,6812601,99,"edison","2020-11-12T19:08:48Z",3338174,3392675
"587",0.49,0.498,6812609,99,"edison","2020-11-12T19:18:47Z",3338178,3392679
"588",0.49,0.498,6812854,99,"edison","2020-11-12T19:30:48Z",3338298,3392801
"589",0.49,0.498,6812866,99,"edison","2020-11-12T20:10:47Z",3338304,3392807
"590",0.49,0.498,6813048,99,"edison","2020-11-12T20:20:48Z",3338394,3392898
"591",0.49,0.498,6815253,99,"edison","2020-11-12T20:28:46Z",3339474,3393996
"592",0.49,0.498,6815320,99,"edison","2020-11-12T20:54:48Z",3339507,3394029
"593",0.49,0.498,6816543,99,"edison","2020-11-12T21:34:49Z",3340106,3394638
"594",0.49,0.498,6818731,99,"edison","2020-11-12T21:36:50Z",3341178,3395728
"595",0.49,0.498,6819061,99,"edison","2020-11-12T22:12:48Z",3341340,3395892
"596",0.49,0.498,6820053,99,"edison","2020-11-12T22:16:51Z",3341826,3396386
"597",0.49,0.498,6824120,99,"edison","2020-11-13T01:26:45Z",3343819,3398412
"598",0.489,0.498,6828529,99,"edison","2020-11-13T13:29:00Z",3339151,3400607
"599",0.489,0.498,6829066,99,"edison","2020-11-13T15:46:09Z",3339413,3400875
"600",0.489,0.498,6829101,99,"edison","2020-11-13T18:00:48Z",3339430,3400892
"601",0.489,0.498,6830183,99,"edison","2020-11-13T18:32:48Z",3339959,3401431
"602",0.489,0.498,6830184,99,"edison","2020-11-13T19:06:49Z",3339960,3401432
"603",0.489,0.498,6830314,99,"edison","2020-11-13T20:10:47Z",3340024,3401496
"604",0.489,0.498,6831474,99,"edison","2020-11-13T20:14:47Z",3340591,3402074
"605",0.489,0.498,6834246,99,"edison","2020-11-13T20:48:46Z",3341946,3403455
"606",0.489,0.498,6834756,99,"edison","2020-11-13T20:54:50Z",3342196,3403708
"607",0.489,0.498,6836284,99,"edison","2020-11-13T20:58:07Z",3342943,3404469
"608",0.489,0.498,6842633,99,"edison","2020-11-13T21:02:54Z",3346048,3407631
"609",0.489,0.498,6842700,99,"edison","2020-11-13T21:04:45Z",3346080,3407665
"610",0.489,0.498,6843072,99,"edison","2020-11-13T21:09:28Z",3346262,3407850
"611",0.489,0.498,6845202,99,"edison","2020-11-13T21:32:48Z",3347304,3408911
"612",0.489,0.498,6847664,99,"edison","2020-11-13T21:47:26Z",3348508,3410137
"613",0.489,0.498,6848632,99,"edison","2020-11-13T21:49:32Z",3348981,3410619
"614",0.489,0.498,6848791,99,"edison","2020-11-14T21:27:01Z",3349059,3410698
"615",0.489,0.499,6853318,99,"edison","2020-11-14T21:51:06Z",3351273,3419806
"616",0.489,0.499,6854947,99,"edison","2020-11-14T21:56:40Z",3352069,3420619
"617",0.489,0.498,6855549,99,"edison","2020-11-14T22:00:28Z",3352363,3414063
"618",0.489,0.499,6856177,99,"edison","2020-11-15T15:18:47Z",3352671,3421232
"619",0.489,0.499,6856752,99,"edison","2020-11-15T15:48:48Z",3352952,3421519
"620",0.489,0.499,6860347,99,"edison","2020-11-16T00:17:01Z",3354710,3423313
"621",0.489,0.499,6863096,99,"edison","2020-11-16T00:41:02Z",3356054,3424685
"622",0.489,0.499,6868283,99,"edison","2020-11-16T17:04:48Z",3358590,3427273
"623",0.489,0.499,6868840,99,"edison","2020-11-16T17:54:48Z",3358863,3427551
"624",0.489,0.499,6869220,99,"edison","2020-11-16T18:02:52Z",3359049,3427741
"625",0.489,0.499,6869253,99,"edison","2020-11-16T20:10:58Z",3359065,3427757
"626",0.489,0.499,6869264,99,"edison","2020-11-16T22:32:45Z",3359070,3427763
"627",0.488,0.499,6878550,99,"edison","2020-11-17T04:03:44Z",3356732,3432396
"628",0.488,0.499,6880576,99,"edison","2020-11-17T15:10:47Z",3357721,3433407
"629",0.488,0.499,6880613,99,"edison","2020-11-17T15:45:01Z",3357739,3433426
"630",0.488,0.499,6881795,99,"edison","2020-11-17T15:52:47Z",3358316,3434016
"631",0.488,0.499,6882606,99,"edison","2020-11-17T18:40:44Z",3358712,3434420
"632",0.488,0.499,6882608,99,"edison","2020-11-17T19:00:50Z",3358713,3434421
"633",0.488,0.499,6882786,99,"edison","2020-11-17T20:30:51Z",3358800,3434510
"634",0.488,0.499,6882849,99,"edison","2020-11-17T21:10:50Z",3358830,3434542
"635",0.488,0.499,6883367,99,"edison","2020-11-17T21:40:49Z",3359083,3434800
"636",0.488,0.499,6883448,99,"edison","2020-11-17T21:50:52Z",3359123,3434841
"637",0.488,0.5,6893186,99,"edison","2020-11-18T02:10:48Z",3363875,3446593
"638",0.488,0.5,6893196,99,"edison","2020-11-18T13:30:49Z",3363880,3446598
"639",0.488,0.5,6893399,99,"edison","2020-11-18T13:40:52Z",3363979,3446700
"640",0.488,0.5,6893617,99,"edison","2020-11-18T14:10:48Z",3364085,3446808
"641",0.488,0.5,6893618,99,"edison","2020-11-18T14:30:48Z",3364086,3446809
"642",0.488,0.5,6893966,99,"edison","2020-11-18T16:30:59Z",3364255,3446983
"643",0.488,0.5,6894263,99,"edison","2020-11-18T20:01:06Z",3364400,3447132
"644",0.488,0.5,6901531,99,"edison","2020-11-18T21:01:02Z",3367947,3450766
"645",0.488,0.5,6904840,99,"edison","2020-11-19T01:21:04Z",3369562,3452420
"646",0.488,0.5,6909631,99,"edison","2020-11-19T13:20:49Z",3371900,3454816
